event_id,@timestamp,host,ml_score,ml_label,model_name
1,2024-06-18 16:06:10.225,4fa5a8bb3a60,0.9514,Anomaly,RandomForest_TemporalSplit_v1
2,2024-06-18 16:06:10.226,4fa5a8bb3a60,0.9985,Anomaly,RandomForest_TemporalSplit_v1
3,2024-06-18 16:07:07.258,4fa5a8bb3a60,0.9529,Anomaly,RandomForest_TemporalSplit_v1
4,2024-06-18 16:07:07.259,4fa5a8bb3a60,0.9985,Anomaly,RandomForest_TemporalSplit_v1
5,2024-06-18 16:07:07.259,4fa5a8bb3a60,0.9093,Anomaly,RandomForest_TemporalSplit_v1
6,2024-06-18 16:07:07.259,4fa5a8bb3a60,0.8122,Anomaly,RandomForest_TemporalSplit_v1
7,2024-06-18 16:07:07.259,4fa5a8bb3a60,0.9985,Anomaly,RandomForest_TemporalSplit_v1
8,2024-06-18 16:07:07.259,4fa5a8bb3a60,0.9985,Anomaly,RandomForest_TemporalSplit_v1
9,2024-06-18 16:07:57.291,4fa5a8bb3a60,0.5689,Inlier,RandomForest_TemporalSplit_v1
10,2024-06-18 16:08:32.313,4fa5a8bb3a60,0.8602,Anomaly,RandomForest_TemporalSplit_v1
11,2024-06-18 16:09:07.332,4fa5a8bb3a60,0.8249,Anomaly,RandomForest_TemporalSplit_v1
12,2024-06-18 16:09:07.332,4fa5a8bb3a60,0.8807,Anomaly,RandomForest_TemporalSplit_v1
13,2024-06-18 16:09:07.333,4fa5a8bb3a60,0.9985,Anomaly,RandomForest_TemporalSplit_v1
14,2024-06-18 16:09:08.004,4fa5a8bb3a60,0.9985,Anomaly,RandomForest_TemporalSplit_v1
15,2024-06-18 16:10:04.356,4fa5a8bb3a60,0.9985,Anomaly,RandomForest_TemporalSplit_v1
16,2024-06-18 16:10:04.356,4fa5a8bb3a60,0.816,Anomaly,RandomForest_TemporalSplit_v1
17,2024-06-18 16:10:54.375,4fa5a8bb3a60,0.948,Anomaly,RandomForest_TemporalSplit_v1
18,2024-06-18 16:10:54.375,4fa5a8bb3a60,0.9985,Anomaly,RandomForest_TemporalSplit_v1
19,2024-06-18 16:10:54.375,4fa5a8bb3a60,0.9136,Anomaly,RandomForest_TemporalSplit_v1
22,2024-06-18 16:10:54.376,4fa5a8bb3a60,0.9985,Anomaly,RandomForest_TemporalSplit_v1
23,2024-06-18 16:10:54.376,4fa5a8bb3a60,0.9985,Anomaly,RandomForest_TemporalSplit_v1
20,2024-06-18 16:10:54.376,4fa5a8bb3a60,0.849,Anomaly,RandomForest_TemporalSplit_v1
21,2024-06-18 16:10:54.376,4fa5a8bb3a60,0.9985,Anomaly,RandomForest_TemporalSplit_v1
24,2024-06-18 16:10:54.377,4fa5a8bb3a60,0.9985,Anomaly,RandomForest_TemporalSplit_v1
25,2024-06-18 16:10:54.377,4fa5a8bb3a60,0.9985,Anomaly,RandomForest_TemporalSplit_v1
26,2024-06-18 16:10:54.377,4fa5a8bb3a60,0.2646,Inlier,RandomForest_TemporalSplit_v1
27,2024-06-18 16:10:54.377,4fa5a8bb3a60,0.9985,Anomaly,RandomForest_TemporalSplit_v1
28,2024-06-18 16:10:54.379,4fa5a8bb3a60,0.8096,Anomaly,RandomForest_TemporalSplit_v1
29,2024-06-18 16:10:54.395,4fa5a8bb3a60,0.8602,Anomaly,RandomForest_TemporalSplit_v1
30,2024-06-18 16:10:54.437,4fa5a8bb3a60,0.2281,Inlier,RandomForest_TemporalSplit_v1
31,2024-06-18 16:11:23.559,4fa5a8bb3a60,0.8569,Anomaly,RandomForest_TemporalSplit_v1
35,2024-06-18 16:11:39.570,4fa5a8bb3a60,0.9985,Anomaly,RandomForest_TemporalSplit_v1
34,2024-06-18 16:11:39.570,4fa5a8bb3a60,0.9181,Anomaly,RandomForest_TemporalSplit_v1
32,2024-06-18 16:11:39.570,4fa5a8bb3a60,0.8602,Anomaly,RandomForest_TemporalSplit_v1
33,2024-06-18 16:11:39.570,4fa5a8bb3a60,0.9985,Anomaly,RandomForest_TemporalSplit_v1
36,2024-06-18 16:11:39.571,4fa5a8bb3a60,0.82,Anomaly,RandomForest_TemporalSplit_v1
37,2024-06-18 16:11:39.571,4fa5a8bb3a60,0.9985,Anomaly,RandomForest_TemporalSplit_v1
38,2024-06-18 16:11:39.571,4fa5a8bb3a60,0.9985,Anomaly,RandomForest_TemporalSplit_v1
39,2024-06-18 16:11:39.571,4fa5a8bb3a60,0.8431,Anomaly,RandomForest_TemporalSplit_v1
40,2024-06-18 16:12:29.602,4fa5a8bb3a60,0.9118,Anomaly,RandomForest_TemporalSplit_v1
41,2024-06-18 16:12:29.603,4fa5a8bb3a60,0.9985,Anomaly,RandomForest_TemporalSplit_v1
42,2024-06-18 16:13:29.619,4fa5a8bb3a60,0.8083,Anomaly,RandomForest_TemporalSplit_v1
45,2024-06-18 16:14:27.322,4fa5a8bb3a60,0.7861,Anomaly,RandomForest_TemporalSplit_v1
43,2024-06-18 16:14:27.322,4fa5a8bb3a60,0.8963,Anomaly,RandomForest_TemporalSplit_v1
44,2024-06-18 16:14:27.322,4fa5a8bb3a60,0.9985,Anomaly,RandomForest_TemporalSplit_v1
46,2024-06-18 16:14:27.322,4fa5a8bb3a60,0.9985,Anomaly,RandomForest_TemporalSplit_v1
